record_id,rotational_speed_rpm,load_kN,bearing_temperature_c,lubricant_level_pct,vibration_mm_s,condition_class
1,850,3.5,38,96,1.1,0
2,950,4.2,40,93,1.3,0
3,1050,5,42,90,1.5,0
4,1150,5.8,44,88,1.7,0
5,1250,6.5,46,85,2,0
6,1000,4.8,43,91,1.5,0
7,1300,7,47,82,2.2,0
8,1100,5.5,45,87,1.8,0
9,1350,7.5,49,80,2.4,0
10,900,4,41,94,1.2,0
11,1400,8,52,77,2.7,1
12,1500,9,55,73,3.1,1
13,1600,10,58,69,3.6,1
14,1700,11,61,65,4.1,1
15,1800,12,64,61,4.7,1
16,1450,8.5,54,75,3,1
17,1650,10.5,60,67,3.9,1
18,1850,12.5,66,58,5,1
19,1550,9.5,57,71,3.4,1
20,1750,11.5,63,63,4.4,1
21,1900,13.5,70,54,5.8,2
22,2000,14.5,74,49,6.6,2
23,2100,15.5,78,44,7.5,2
24,2200,16.5,82,39,8.5,2
25,2300,18,88,32,9.8,2
26,1950,14,72,52,6.2,2
27,2150,16,80,42,8,2
28,2400,19,93,26,11.2,2
29,2050,15,76,46,7.1,2
30,2250,17,85,36,9.1,2
